bit_num,problem,mode,seed,Objective value,Primal-Dual Gap,Solving time,Presolving time,num_generators
2,200,scip_no_symmetry,0,960052500,0.0,49.533261,2.426757,0
2,200,scip_no_symmetry,1,961978910,0.0,70.742762,1.547959,0
2,200,scip_no_symmetry,2,961268570,0.0,139.961591,4.200644,0
2,200,scip_no_symmetry,3,961122270,0.0,132.910376,4.164371,0
2,200,scip_no_symmetry,4,960175960,0.0,46.324335,1.473122,0
2,201,scip_no_symmetry,0,921695000,0.0005034401745259272,3600.037776,4.080934,0
2,201,scip_no_symmetry,1,921735000,0.0005034401745259272,3600.004821,3.409594,0
2,201,scip_no_symmetry,2,923025000,0.0005034401745259272,3600.204034,3.630552,0
2,201,scip_no_symmetry,3,921103000,0.0005034401745259272,3600.004745,1.613207,0
2,201,scip_no_symmetry,4,920728000,0.0005034401745259272,3600.003128,1.4404,0
2,202,scip_no_symmetry,0,926326375,0.0004972650422675286,3600.002566,3.780999,0
2,202,scip_no_symmetry,1,923082688,0.0004972650422675286,3600.009736,3.951466,0
2,202,scip_no_symmetry,2,924961821,0.0004972650422675286,3600.0037,4.563858,0
2,202,scip_no_symmetry,3,924402768,0.0004972650422675286,3600.270148,3.642736,0
2,202,scip_no_symmetry,4,923160472,0.0004972650422675286,3600.002005,1.622111,0
2,203,scip_no_symmetry,0,934400000,0.0,27.030103,1.654356,0
2,203,scip_no_symmetry,1,934400000,0.0,26.605866,1.601227,0
2,203,scip_no_symmetry,2,934400000,0.0,21.775532,2.383142,0
2,203,scip_no_symmetry,3,934400000,0.0,31.055836,2.428797,0
2,203,scip_no_symmetry,4,934400000,0.0,26.920296,1.441407,0
2,204,scip_no_symmetry,0,880751509,0.0,70.590005,0.211569,0
2,204,scip_no_symmetry,1,879063304,0.0,55.517148,0.227802,0
2,204,scip_no_symmetry,2,877747100,0.0,59.72574,0.219457,0
2,204,scip_no_symmetry,3,879855491,0.0,141.366054,0.592581,0
2,204,scip_no_symmetry,4,879693030,0.0,64.60795,0.210218,0
2,205,scip_no_symmetry,0,873126000,0.0,15.928361,0.215401,0
2,205,scip_no_symmetry,1,873206000,0.0,15.873554,0.198712,0
2,205,scip_no_symmetry,2,873222000,0.0,20.794269,0.202996,0
2,205,scip_no_symmetry,3,877390000,0.0,8.905747999999999,0.232649,0
2,205,scip_no_symmetry,4,874876000,0.0,16.273691,0.388877,0
2,206,scip_no_symmetry,0,877285930,0.0,10.374256,0.219516,0
2,206,scip_no_symmetry,1,879756040,0.0,33.603,0.202653,0
2,206,scip_no_symmetry,2,877390160,0.0,26.029325,0.24004,0
2,206,scip_no_symmetry,3,873914440,0.0,12.18887,0.232979,0
2,206,scip_no_symmetry,4,876233760,0.0,21.946512,0.228712,0
2,207,scip_no_symmetry,0,889200000,0.0,0.8993559999999999,0.209856,0
2,207,scip_no_symmetry,1,889200000,0.0,2.910075,0.7214969999999999,0
2,207,scip_no_symmetry,2,889200000,0.0,0.948637,0.227367,0
2,207,scip_no_symmetry,3,889200000,0.0,0.949848,0.236537,0
2,207,scip_no_symmetry,4,889200000,0.0,2.901403,0.7115159999999999,0
2,208,scip_no_symmetry,0,1110514700,0.0,125.962458,3.941227,0
2,208,scip_no_symmetry,1,1112620130,0.0,101.471126,3.763452,0
2,208,scip_no_symmetry,2,1107709400,0.0,497.897398,10.209811,0
2,208,scip_no_symmetry,3,1109682020,0.0,150.870994,3.790733,0
2,208,scip_no_symmetry,4,1112162170,0.0,152.845836,3.855541,0
2,209,scip_no_symmetry,0,1059937000,0.0,264.335292,3.953701,0
2,209,scip_no_symmetry,1,1060320000,0.0,339.167719,3.852081,0
2,209,scip_no_symmetry,2,1061543000,0.0,198.72881,3.826038,0
2,209,scip_no_symmetry,3,1062581000,0.0,370.108412,3.593732,0
2,209,scip_no_symmetry,4,1061660000,0.0,530.410323,10.437738,0
2,210,scip_no_symmetry,0,1063041902,0.0,211.135202,3.822761,0
2,210,scip_no_symmetry,1,1062329711,0.0,139.539836,3.826694,0
2,210,scip_no_symmetry,2,1062005603,0.0,256.324515,3.769149,0
2,210,scip_no_symmetry,3,1061412879,0.0,132.202373,3.702657,0
2,210,scip_no_symmetry,4,1062440595,0.0,892.086803,10.329047,0
2,211,scip_no_symmetry,0,1048700000,0.0,160.437906,5.305517,0
2,211,scip_no_symmetry,1,1048700000,0.0,75.830868,3.755932,0
2,211,scip_no_symmetry,2,1048700000,0.0,426.250764,10.578996,0
2,211,scip_no_symmetry,3,1048700000,0.0,116.293346,3.737323,0
2,211,scip_no_symmetry,4,1048700000,0.0,144.441124,5.54011,0
2,212,scip_no_symmetry,0,1363498000,0.0,331.364753,8.306091,0
2,212,scip_no_symmetry,1,1361504000,0.0,2180.002877,24.193138,0
2,212,scip_no_symmetry,2,1363375000,0.0,2178.517527,24.787348,0
2,212,scip_no_symmetry,3,1363066000,0.0,468.179525,8.757945,0
2,212,scip_no_symmetry,4,1364424000,0.0,3107.325788,23.980318,0
2,213,scip_no_symmetry,0,1363413680,0.0,2314.981867,24.530628,0
2,213,scip_no_symmetry,1,1363466870,0.0,693.005649,8.521841,0
2,213,scip_no_symmetry,2,1363929710,0.0,1299.44679,24.311454,0
2,213,scip_no_symmetry,3,1364100700,0.0,2113.760859,24.248371,0
2,213,scip_no_symmetry,4,1363253330,0.0,2415.306499,24.169853,0
2,214,scip_no_symmetry,0,1211700000,0.0,521.012863,8.226557,0
2,214,scip_no_symmetry,1,1211700000,0.0,422.2431,8.139767,0
2,214,scip_no_symmetry,2,1211700000,0.0,1432.581573,24.727957,0
2,214,scip_no_symmetry,3,1211700000,0.0,1905.349798,25.270627,0
2,214,scip_no_symmetry,4,1211700000,0.0,2092.23679,24.216286,0
2,215,scip_no_symmetry,0,1199116649,0.0005201560468140442,3600.282407,24.428969,0
2,215,scip_no_symmetry,1,1200697566,0.0005201560468140442,3600.349258,23.913445,0
2,215,scip_no_symmetry,2,1202556804,0.0005201560468140442,3600.014803,11.599169,0
2,215,scip_no_symmetry,3,1222768414,0.017685305591677504,3600.45513,24.554013,0
2,215,scip_no_symmetry,4,1198902183,0.0005201560468140442,3601.155497,24.035938,0
2,216,scip_no_symmetry,0,917719090,0.0,130.838159,1.394395,0
2,216,scip_no_symmetry,1,914244350,0.0,455.93209,3.934748,0
2,216,scip_no_symmetry,2,912359670,0.0,1624.881302,3.5468729999999997,0
2,216,scip_no_symmetry,3,915052830,0.0,470.756689,3.891773,0
2,216,scip_no_symmetry,4,919147230,0.0,399.986928,3.551291,0
2,217,scip_no_symmetry,0,894550000,0.0007109737248840522,3600.00102,0.64033,0
2,217,scip_no_symmetry,1,895731000,0.0007109737248840522,3600.001226,0.6364139999999999,0
2,217,scip_no_symmetry,2,898791000,0.0007109737248840522,3600.001082,0.670669,0
2,217,scip_no_symmetry,3,897546000,0.0007109737248840522,3600.002003,2.161464,0
2,217,scip_no_symmetry,4,896002000,0.0007109737248840522,3600.001499,1.57885,0
2,218,scip_no_symmetry,0,888752895,0.0010016601589671137,3600.001712,1.225281,0
2,218,scip_no_symmetry,1,889600004,0.0010016601589671137,3600.001498,0.672192,0
2,218,scip_no_symmetry,2,889348304,0.0010016601589671137,3600.001155,0.696062,0
2,218,scip_no_symmetry,3,889651011,0.0010016601589671137,3600.001369,0.635469,0
2,218,scip_no_symmetry,4,889714795,0.0010016601589671137,3600.001613,0.676677,0
2,219,scip_no_symmetry,0,903100000,0.0,4.2544509999999995,1.135494,0
2,219,scip_no_symmetry,1,903100000,0.0,2.699147,0.6115659999999999,0
2,219,scip_no_symmetry,2,903100000,0.0,2.774133,0.6746409999999999,0
2,219,scip_no_symmetry,3,903100000,0.0,2.827757,0.6698489999999999,0
2,219,scip_no_symmetry,4,903100000,0.0,3.065171,0.789986,0
2,220,scip_no_symmetry,0,188200000,0.0,0.464674,0.225654,0
2,220,scip_no_symmetry,1,188200000,0.0,0.27788999999999997,0.125585,0
2,220,scip_no_symmetry,2,188200000,0.0,0.287896,0.126373,0
2,220,scip_no_symmetry,3,188200000,0.0,0.25990399999999997,0.11637,0
2,220,scip_no_symmetry,4,188200000,0.0,0.271373,0.124333,0
2,221,scip_no_symmetry,0,188788000,0.0,0.371653,0.109799,0
2,221,scip_no_symmetry,1,188515000,0.0,0.39601,0.122874,0
2,221,scip_no_symmetry,2,189123000,0.0,0.458915,0.126089,0
2,221,scip_no_symmetry,3,189169000,0.0,0.398395,0.11283,0
2,221,scip_no_symmetry,4,189268000,0.0,0.409616,0.118649,0
2,222,scip_no_symmetry,0,187076740,0.0,0.425557,0.126143,0
2,222,scip_no_symmetry,1,186988920,0.0,0.600815,0.22424,0
2,222,scip_no_symmetry,2,186789070,0.0,0.353402,0.115932,0
2,222,scip_no_symmetry,3,186151960,0.0,0.405363,0.113305,0
2,222,scip_no_symmetry,4,187416340,0.0,0.360589,0.118491,0
2,223,scip_no_symmetry,0,188047880,0.0,1.257799,0.414045,0
2,223,scip_no_symmetry,1,187482176,0.0,0.411082,0.116454,0
2,223,scip_no_symmetry,2,187809946,0.0,0.39565,0.116769,0
2,223,scip_no_symmetry,3,188242696,0.0,0.47202,0.12703699999999998,0
2,223,scip_no_symmetry,4,188312119,0.0,0.413154,0.12252,0
2,224,scip_no_symmetry,0,108900000,0.0,0.045689999999999995,0.017498,0
2,224,scip_no_symmetry,1,108900000,0.0,0.05126,0.019417,0
2,224,scip_no_symmetry,2,108900000,0.0,0.051323999999999995,0.019163,0
2,224,scip_no_symmetry,3,108900000,0.0,0.049103999999999995,0.017369,0
2,224,scip_no_symmetry,4,108900000,0.0,0.052277,0.019715999999999997,0
2,225,scip_no_symmetry,0,106766670,0.0,0.059562,0.019633,0
2,225,scip_no_symmetry,1,107223650,0.0,0.061955,0.018237,0
2,225,scip_no_symmetry,2,107017810,0.0,0.090348,0.034961,0
2,225,scip_no_symmetry,3,107422870,0.0,0.096016,0.024215,0
2,225,scip_no_symmetry,4,106963080,0.0,0.068604,0.01954,0
2,226,scip_no_symmetry,0,102198521,0.0,31.47001,0.06575,0
2,226,scip_no_symmetry,1,102866105,0.0,22.008283,0.017331,0
2,226,scip_no_symmetry,2,103202812,0.0,22.164926,0.060944,0
2,226,scip_no_symmetry,3,102345246,0.0,20.804205,0.053687,0
2,226,scip_no_symmetry,4,103055965,0.0,19.137351,0.049521,0
2,227,scip_no_symmetry,0,100828000,0.0,52.929455,0.029966999999999997,0
2,227,scip_no_symmetry,1,100792000,0.0,174.565035,0.31828999999999996,0
2,227,scip_no_symmetry,2,100542000,0.0,0.30192399999999997,0.027159,0
2,227,scip_no_symmetry,3,100385000,0.0,54.262732,0.112872,0
2,227,scip_no_symmetry,4,99965000,0.0,56.317607,0.16724999999999998,0
2,228,scip_no_symmetry,0,188300000,0.0,3.654068,0.9483,0
2,228,scip_no_symmetry,1,188300000,0.0,1.192227,0.330937,0
2,228,scip_no_symmetry,2,188300000,0.0,1.019353,0.30109199999999997,0
2,228,scip_no_symmetry,3,188300000,0.0,1.18123,0.276389,0
2,228,scip_no_symmetry,4,188300000,0.0,0.890778,0.301593,0
2,229,scip_no_symmetry,0,187540000,0.0,1.521585,0.30716499999999997,0
2,229,scip_no_symmetry,1,187586000,0.0,1.298366,0.377699,0
2,229,scip_no_symmetry,2,187531000,0.0,1.833099,0.6419039999999999,0
2,229,scip_no_symmetry,3,187327000,0.0,0.924851,0.27739199999999997,0
2,229,scip_no_symmetry,4,187565000,0.0,0.942633,0.311739,0
2,230,scip_no_symmetry,0,187388120,0.0,1.207005,0.270156,0
2,230,scip_no_symmetry,1,186378570,0.0,1.170804,0.288758,0
2,230,scip_no_symmetry,2,186813830,0.0,1.192208,0.294685,0
2,230,scip_no_symmetry,3,187661860,0.0,1.086303,0.283752,0
2,230,scip_no_symmetry,4,187280370,0.0,1.294999,0.291941,0
2,231,scip_no_symmetry,0,186526315,0.0,1.498919,0.29128499999999996,0
2,231,scip_no_symmetry,1,186526315,0.0,1.193567,0.291064,0
2,231,scip_no_symmetry,2,186526315,0.0,1.78008,0.59775,0
2,231,scip_no_symmetry,3,186526315,0.0,1.914328,0.6244379999999999,0
2,231,scip_no_symmetry,4,186526315,0.0,1.273713,0.29572699999999996,0
2,232,scip_no_symmetry,0,187700000,0.0,2.247646,0.7196739999999999,0
2,232,scip_no_symmetry,1,187700000,0.0,2.219578,0.758425,0
2,232,scip_no_symmetry,2,187700000,0.0,2.239611,0.745362,0
2,232,scip_no_symmetry,3,187700000,0.0,2.663513,0.812732,0
2,232,scip_no_symmetry,4,187700000,0.0,2.378446,0.7671469999999999,0
2,233,scip_no_symmetry,0,186384000,0.0,3.487126,0.911891,0
2,233,scip_no_symmetry,1,186384000,0.0,3.105377,0.729135,0
2,233,scip_no_symmetry,2,186384000,0.0,2.61587,0.890798,0
2,233,scip_no_symmetry,3,186384000,0.0,2.423249,0.76134,0
2,233,scip_no_symmetry,4,186384000,0.0,12.265971,2.388968,0
2,234,scip_no_symmetry,0,186714170,0.0,1.866896,0.709147,0
2,234,scip_no_symmetry,1,186714170,0.0,6.171412,2.313865,0
2,234,scip_no_symmetry,2,186714170,0.0,6.185303,2.30983,0
2,234,scip_no_symmetry,3,186714170,0.0,2.303919,0.868869,0
2,234,scip_no_symmetry,4,186714170,0.0,8.122034,2.304216,0
2,235,scip_no_symmetry,0,186498061,0.0,2.308343,0.7949379999999999,0
2,235,scip_no_symmetry,1,186657087,0.0,2.328901,0.828278,0
2,235,scip_no_symmetry,2,187319299,0.0,3.496205,1.375332,0
2,235,scip_no_symmetry,3,187803171,0.0,2.779721,0.893072,0
2,235,scip_no_symmetry,4,187309761,0.0,2.27275,0.8281759999999999,0
2,236,scip_no_symmetry,0,139600000,0.0,0.211358,0.06317299999999999,0
2,236,scip_no_symmetry,1,139600000,0.0,0.19527,0.065536,0
2,236,scip_no_symmetry,2,139600000,0.0,0.183073,0.061867,0
2,236,scip_no_symmetry,3,139600000,0.0,0.195734,0.05848,0
2,236,scip_no_symmetry,4,139600000,0.0,0.16900099999999998,0.058855,0
2,237,scip_no_symmetry,0,137519000,0.0,0.301624,0.08800999999999999,0
2,237,scip_no_symmetry,1,138140000,0.0,0.6423369999999999,0.200303,0
2,237,scip_no_symmetry,2,137958000,0.0,0.205409,0.061935,0
2,237,scip_no_symmetry,3,138223000,0.0,0.197567,0.06268,0
2,237,scip_no_symmetry,4,138295000,0.0,0.6038169999999999,0.196187,0
2,238,scip_no_symmetry,0,121583820,0.005154639175257732,3600.000495,0.187907,0
2,238,scip_no_symmetry,1,121300160,0.005154639175257732,3600.000795,0.132129,0
2,238,scip_no_symmetry,2,121270960,0.005154639175257732,3600.003402,0.138828,0
2,238,scip_no_symmetry,3,121774110,0.005154639175257732,3600.003002,0.4642079999999999,0
2,238,scip_no_symmetry,4,121365720,0.005154639175257732,3600.003098,0.139227,0
2,239,scip_no_symmetry,0,120186385,0.005154639175257732,3600.006181,0.141945,0
2,239,scip_no_symmetry,1,120773895,0.005154639175257732,3600.002068,0.474298,0
2,239,scip_no_symmetry,2,120696510,0.005154639175257732,3600.000369,0.125034,0
2,239,scip_no_symmetry,3,121472422,0.005154639175257732,3600.00046,0.134616,0
2,239,scip_no_symmetry,4,120962498,0.005154639175257732,3600.006714,0.15453799999999998,0
2,240,scip_no_symmetry,0,1367304000,0.0,197.783928,2.365956,0
2,240,scip_no_symmetry,1,1368359000,0.0,147.488484,2.501343,0
2,240,scip_no_symmetry,2,1368890000,0.0,171.54168,2.471743,0
2,240,scip_no_symmetry,3,1366402000,0.0,230.712066,3.381388,0
2,240,scip_no_symmetry,4,1369796000,0.0,138.838446,2.437323,0
2,241,scip_no_symmetry,0,1367646400,0.0,180.173633,2.317454,0
2,241,scip_no_symmetry,1,1370618710,0.0,153.831787,2.301853,0
2,241,scip_no_symmetry,2,1366430030,0.0,146.857801,2.262695,0
2,241,scip_no_symmetry,3,1367811360,0.0,136.556588,2.440915,0
2,241,scip_no_symmetry,4,1368475040,0.0,139.056548,2.447291,0
2,242,scip_no_symmetry,0,1356798063,0.0003377997973201216,3600.816247,4.815212,0
2,242,scip_no_symmetry,1,1357093134,0.0003377997973201216,3600.008385,7.1722,0
2,242,scip_no_symmetry,2,1356697830,0.0003377997973201216,3600.050454,4.806128,0
2,242,scip_no_symmetry,3,1359113330,0.0003377997973201216,3600.005449,4.655305,0
2,242,scip_no_symmetry,4,1358181082,0.0003377997973201216,3600.231716,4.6567609999999995,0
2,243,scip_no_symmetry,0,1367400000,0.0,45.687926,2.474224,0
2,243,scip_no_symmetry,1,1367400000,0.0,44.91438,2.54597,0
2,243,scip_no_symmetry,2,1367400000,0.0,41.411608,2.575093,0
2,243,scip_no_symmetry,3,1367400000,0.0,44.708362,2.555619,0
2,243,scip_no_symmetry,4,1367400000,0.0,58.105685,2.527047,0
2,244,scip_no_symmetry,0,1314661908,0.0,20.174566,0.364902,0
2,244,scip_no_symmetry,1,1310317032,0.0,14.424868,0.378799,0
2,244,scip_no_symmetry,2,1311982517,0.0,17.523302,0.366221,0
2,244,scip_no_symmetry,3,1316814746,0.0,11.748512,0.371985,0
2,244,scip_no_symmetry,4,1311136703,0.0,21.976152,0.337235,0
2,245,scip_no_symmetry,0,1311557000,0.0,22.274298,0.34473899999999996,0
2,245,scip_no_symmetry,1,1313212000,0.0,89.857947,1.077417,0
2,245,scip_no_symmetry,2,1314492000,0.0,20.744004,0.33788599999999996,0
2,245,scip_no_symmetry,3,1312510000,0.0,26.362164,0.33685899999999996,0
2,245,scip_no_symmetry,4,1314132000,0.0,23.783554,0.35003,0
2,246,scip_no_symmetry,0,1333200000,0.0,1.747366,0.366931,0
2,246,scip_no_symmetry,1,1333200000,0.0,5.211034,1.142236,0
2,246,scip_no_symmetry,2,1333200000,0.0,1.743567,0.372147,0
2,246,scip_no_symmetry,3,1333200000,0.0,5.309286,1.132182,0
2,246,scip_no_symmetry,4,1333200000,0.0,1.629143,0.329488,0
2,247,scip_no_symmetry,0,1310544090,0.0,75.724945,1.125028,0
2,247,scip_no_symmetry,1,1314914500,0.0,20.634087,0.358168,0
2,247,scip_no_symmetry,2,1313541540,0.0,5.589879,0.633601,0
2,247,scip_no_symmetry,3,1313027310,0.0,17.82784,0.5541659999999999,0
2,247,scip_no_symmetry,4,1311369110,0.0,21.068549,0.479158,0
2,248,scip_no_symmetry,0,1471700000,0.0,230.644349,5.982645,0
2,248,scip_no_symmetry,1,1471700000,0.0,260.94662,5.780761,0
2,248,scip_no_symmetry,2,1471700000,0.0,806.049175,15.472512,0
2,248,scip_no_symmetry,3,1471700000,0.0,318.160876,7.897967,0
2,248,scip_no_symmetry,4,1471700000,0.0,240.265245,5.764725,0
2,249,scip_no_symmetry,0,1434026000,0.0004074821484011353,3604.300567,14.115575,0
2,249,scip_no_symmetry,1,1434593000,0.0004074821484011353,3605.373533,21.88615,0
2,249,scip_no_symmetry,2,1433547000,0.0004074821484011353,3600.794032,15.447601,0
2,249,scip_no_symmetry,3,1431128000,0.0004074821484011353,3600.245458,15.543726,0
2,249,scip_no_symmetry,4,1435330000,0.0004074821484011353,3605.261215,15.789155,0
2,250,scip_no_symmetry,0,1545876858,0.0,1394.917202,15.473792,0
2,250,scip_no_symmetry,1,1545559125,0.0,262.770202,5.716235,0
2,250,scip_no_symmetry,2,1543536043,0.0,371.164165,5.943543,0
2,250,scip_no_symmetry,3,1546343573,0.0,661.183867,7.954119,0
2,250,scip_no_symmetry,4,1544114884,0.0,411.594483,5.775933,0
2,251,scip_no_symmetry,0,1465756520,0.0002092487968194183,3602.379063,14.231021,0
2,251,scip_no_symmetry,1,1467915120,0.0002092487968194183,3600.160531,5.7671779999999995,0
2,251,scip_no_symmetry,2,1464956700,0.0002092487968194183,3603.818337,13.251008,0
2,251,scip_no_symmetry,3,1468375220,0.0002092487968194183,3605.785802,14.206344,0
2,251,scip_no_symmetry,4,1464846350,0.0002092487968194183,3600.211694,14.760559,0
2,252,scip_no_symmetry,0,1808800000,0.3333333333333333,3601.726119,17.686982,0
2,252,scip_no_symmetry,1,1808800000,0.3333333333333333,3600.135072,12.635352,0
2,252,scip_no_symmetry,2,1808800000,0.0,3065.398968,13.223289,0
2,252,scip_no_symmetry,3,1808800000,0.3333333333333333,3600.473134,13.804922,0
2,252,scip_no_symmetry,4,1808800000,0.3333333333333333,3602.078935,13.162451,0
2,253,scip_no_symmetry,0,1693210235,0.011634349030470914,3600.19937,12.692232,0
2,253,scip_no_symmetry,1,1672665067,0.0,3030.071665,12.544061,0
2,253,scip_no_symmetry,2,1699648923,0.014404432132963989,3600.022089,13.058846,0
2,253,scip_no_symmetry,3,1683767738,0.003878116343490305,3600.089852,12.814103,0
2,253,scip_no_symmetry,4,1693053791,0.009972299168975069,3600.86635,12.541326,0
2,254,scip_no_symmetry,0,1609244000,0.004035357417371253,3600.10096,12.552885,0
2,254,scip_no_symmetry,1,1619138000,0.011529592621060722,3600.080645,12.965689,0
2,254,scip_no_symmetry,2,1612532000,0.006341275941583398,3601.637057,13.060722,0
2,254,scip_no_symmetry,3,1617775000,0.009223674096848575,3604.410203,13.1139,0
2,254,scip_no_symmetry,4,1624442000,0.01210607225211376,3600.039545,13.052978,0
2,255,scip_no_symmetry,0,1610950580,0.012348098784790457,3601.690094,12.708778,0
2,255,scip_no_symmetry,1,1592089360,0.0,2537.780564,12.592984,0
2,255,scip_no_symmetry,2,1616059830,0.014112112896903532,3600.02009,13.27238,0
2,255,scip_no_symmetry,3,1640303260,0.4694952856350527,3600.20904,37.177738,0
2,255,scip_no_symmetry,4,1607759250,0.011172089376715192,3601.384515,12.612949,0
2,256,scip_no_symmetry,0,1335636078,0.0,24.175443,1.156693,0
2,256,scip_no_symmetry,1,1339688739,0.0,90.922393,3.142951,0
2,256,scip_no_symmetry,2,1338616273,0.0,97.092398,3.11852,0
2,256,scip_no_symmetry,3,1340534069,0.0,22.540053,1.149587,0
2,256,scip_no_symmetry,4,1337399318,0.0,77.110253,3.126794,0
2,257,scip_no_symmetry,0,1328366290,0.0005152573424171295,3600.008596,1.077555,0
2,257,scip_no_symmetry,1,1326528060,0.0005152573424171295,3600.002481,2.976305,0
2,257,scip_no_symmetry,2,1326305760,0.0005152573424171295,3600.002168,1.108558,0
2,257,scip_no_symmetry,3,1325687780,0.0005152573424171295,3600.00208,3.107497,0
2,257,scip_no_symmetry,4,1325066780,0.0005152573424171295,3600.004665,1.207413,0
2,258,scip_no_symmetry,0,1348400000,0.0,5.303231,1.156159,0
2,258,scip_no_symmetry,1,1348400000,0.0,5.208219,1.113666,0
2,258,scip_no_symmetry,2,1348400000,0.0,5.221468,1.099297,0
2,258,scip_no_symmetry,3,1348400000,0.0,5.533817,1.203118,0
2,258,scip_no_symmetry,4,1348400000,0.0,5.393148,1.220507,0
2,259,scip_no_symmetry,0,1319136000,0.0,118.64206,1.189829,0
2,259,scip_no_symmetry,1,1322911000,0.0,121.270298,1.189175,0
2,259,scip_no_symmetry,2,1321987000,0.0,189.8742,1.224586,0
2,259,scip_no_symmetry,3,1321471000,0.0,430.608659,3.111113,0
2,259,scip_no_symmetry,4,1323326000,0.0,142.030308,1.252208,0
2,260,scip_no_symmetry,0,1824700000,0.0,87.712233,3.228934,0
2,260,scip_no_symmetry,1,1824700000,0.0,84.691905,3.448582,0
2,260,scip_no_symmetry,2,1824700000,0.0,69.939114,3.391544,0
2,260,scip_no_symmetry,3,1824700000,0.0,78.223981,3.552867,0
2,260,scip_no_symmetry,4,1824700000,0.0,93.467,3.734741,0
2,261,scip_no_symmetry,0,1787100989,0.00017114495978093444,3600.117182,6.007445,0
2,261,scip_no_symmetry,1,1791944298,0.00017114495978093444,3601.113138,5.72392,0
2,261,scip_no_symmetry,2,1787683506,0.00017114495978093444,3600.223077,5.831937,0
2,261,scip_no_symmetry,3,1787414338,0.00017114495978093444,3600.166647,3.672281,0
2,261,scip_no_symmetry,4,1784608292,0.00017114495978093444,3600.461252,5.772837,0
2,262,scip_no_symmetry,0,1791323000,0.0002540435261241426,3600.031862,6.369629,0
2,262,scip_no_symmetry,1,1796870000,0.0002540435261241426,3600.006494,6.698534,0
2,262,scip_no_symmetry,2,1794357000,0.0002540435261241426,3600.014012,3.601135,0
2,262,scip_no_symmetry,3,1797500000,0.0002540435261241426,3600.005519,8.033654,0
2,262,scip_no_symmetry,4,1794973000,0.0002540435261241426,3600.044752,5.946038,0
2,263,scip_no_symmetry,0,1790538590,0.00020062037994410687,3600.179,7.740553,0
2,263,scip_no_symmetry,1,1790752660,0.00020062037994410687,3600.004443,7.847777,0
2,263,scip_no_symmetry,2,1788646750,0.00020062037994410687,3600.021417,19.74017,0
2,263,scip_no_symmetry,3,1787265760,0.00020062037994410687,3600.020147,16.563153,0
2,263,scip_no_symmetry,4,1791924610,0.00020062037994410687,3600.006921,9.387811,0
2,264,scip_no_symmetry,0,1770800000,0.0,2.828136,0.559416,0
2,264,scip_no_symmetry,1,1770800000,0.0,8.06858,1.44947,0
2,264,scip_no_symmetry,2,1770800000,0.0,2.743151,0.508925,0
2,264,scip_no_symmetry,3,1770800000,0.0,2.825978,0.536275,0
2,264,scip_no_symmetry,4,1770800000,0.0,2.573037,0.459884,0
2,265,scip_no_symmetry,0,1744530000,0.0,198.211168,0.454928,0
2,265,scip_no_symmetry,1,1741968000,0.0,150.513509,0.510239,0
2,265,scip_no_symmetry,2,1745566000,0.0,99.835806,0.547115,0
2,265,scip_no_symmetry,3,1741158000,0.0,119.429169,0.518783,0
2,265,scip_no_symmetry,4,1740860000,0.0,109.846685,0.500881,0
2,266,scip_no_symmetry,0,1739787563,0.0,45.853019,0.472186,0
2,266,scip_no_symmetry,1,1740049878,0.0,23.114481,0.453005,0
2,266,scip_no_symmetry,2,1744016298,0.0,29.938932,0.580114,0
2,266,scip_no_symmetry,3,1741346751,0.0,20.164877,0.493807,0
2,266,scip_no_symmetry,4,1741207200,0.0,57.274137,0.48313,0
2,267,scip_no_symmetry,0,1740475520,0.0,125.655813,0.499142,0
2,267,scip_no_symmetry,1,1741151620,0.0,101.228268,0.493588,0
2,267,scip_no_symmetry,2,1738895370,0.0,92.975819,0.479742,0
2,267,scip_no_symmetry,3,1737502250,0.0,111.044717,0.929273,0
2,267,scip_no_symmetry,4,1741155340,0.0,100.291066,0.524164,0
2,268,scip_no_symmetry,0,1958400000,0.0,839.161272,10.531381,0
2,268,scip_no_symmetry,1,1958400000,0.0,581.317543,8.021714,0
2,268,scip_no_symmetry,2,1958400000,0.0,817.041363,7.836574,0
2,268,scip_no_symmetry,3,1958400000,0.0,1102.986339,8.124666,0
2,268,scip_no_symmetry,4,1958400000,0.0,3319.798655,21.163014,0
2,269,scip_no_symmetry,0,1908613350,0.00347593975037758,3600.209508,21.979347,0
2,269,scip_no_symmetry,1,1906386170,0.001539973307129263,3600.807896,20.872998,0
2,269,scip_no_symmetry,2,1924182300,0.008799847469310451,3600.186468,20.792491,0
2,269,scip_no_symmetry,3,1932467980,0.013155771966619018,3600.203183,20.883458,0
2,269,scip_no_symmetry,4,1919283460,0.008799847469310304,3602.74479,20.972172,0
2,270,scip_no_symmetry,0,1911900399,0.0020164825530420323,3600.183064,8.100851,0
2,270,scip_no_symmetry,1,1908770520,0.0,742.318438,10.196202,0
2,270,scip_no_symmetry,2,1915704825,0.003945291951604339,3600.220213,21.112172,0
2,270,scip_no_symmetry,3,1908131948,0.0010520778537610985,3600.486723,20.905069,0
2,270,scip_no_symmetry,4,1926210110,0.008285113098369198,3600.26818,10.179007,0
2,271,scip_no_symmetry,0,1878860000,0.0002393399256787463,3600.280172,25.957076,0
2,271,scip_no_symmetry,1,1883752000,0.0035145178560182315,3600.260071,10.477139,0
2,271,scip_no_symmetry,2,1878534000,0.0,2119.184555,7.992322,0
2,271,scip_no_symmetry,3,1875583000,0.0,2112.596527,7.750589,0
2,271,scip_no_symmetry,4,1877687000,0.0,3076.022926,7.58247,0
2,272,scip_no_symmetry,0,2254200000,0.25,3600.066571,50.268706,0
2,272,scip_no_symmetry,1,2254200000,0.25,3601.154559,17.620793,0
2,272,scip_no_symmetry,2,2254200000,0.25,3602.254769,17.220865,0
2,272,scip_no_symmetry,3,2254200000,0.25,3600.326174,18.027502,0
2,272,scip_no_symmetry,4,2254200000,0.25,3603.731202,17.782891,0
2,273,scip_no_symmetry,0,2090780000,0.3711111111111111,3600.033435,16.924541,0
2,273,scip_no_symmetry,1,2061943000,0.02548847420417156,3602.125196,17.797641,0
2,273,scip_no_symmetry,2,2035636000,0.012579582875960805,3600.126596,17.973549,0
2,273,scip_no_symmetry,3,2090780000,0.3711111111111111,3600.98723,17.508335,0
2,273,scip_no_symmetry,4,2057719000,0.021800219538968622,3601.710125,17.926593,0
2,274,scip_no_symmetry,0,2055697000,0.020820562220860428,3600.101167,22.637861,0
2,274,scip_no_symmetry,1,2074890820,0.34952038369304556,3604.031154,17.857557,0
2,274,scip_no_symmetry,2,2074890820,0.34952038369304556,3601.436888,49.315974,0
2,274,scip_no_symmetry,3,2074890820,0.34952038369304556,3609.009739,49.703104,0
2,274,scip_no_symmetry,4,2074890820,0.34952038369304556,3600.893555,17.486669,0
2,275,scip_no_symmetry,0,2079144683,0.027564884166522384,3600.138154,17.950964,0
2,275,scip_no_symmetry,1,2048298960,0.014762236544156388,3600.169776,21.170456,0
2,275,scip_no_symmetry,2,2069934090,0.024821459676015227,3600.142661,17.959609,0
2,275,scip_no_symmetry,3,2085976024,0.3337245696400626,3601.305738,17.616077,0
2,275,scip_no_symmetry,4,2097571697,0.037166869883296746,3600.153927,21.159347,0
2,276,scip_no_symmetry,0,1799900000,0.0,8.749669,2.134621,0
2,276,scip_no_symmetry,1,1799900000,0.0,7.863589,1.757869,0
2,276,scip_no_symmetry,2,1799900000,0.0,7.531535,1.601734,0
2,276,scip_no_symmetry,3,1799900000,0.0,11.932532,2.442705,0
2,276,scip_no_symmetry,4,1799900000,0.0,7.689356,1.6623359999999998,0
2,277,scip_no_symmetry,0,1766418881,0.00028664793900137075,3600.004375,3.408818,0
2,277,scip_no_symmetry,1,1769145964,0.00028664793900137075,3600.003619,6.66436,0
2,277,scip_no_symmetry,2,1775655034,0.00028664793900137075,3600.002945,3.29265,0
2,277,scip_no_symmetry,3,1772376717,0.00028664793900137075,3600.004145,3.96086,0
2,277,scip_no_symmetry,4,1770809758,0.00028664793900137075,3600.077558,3.26495,0
2,278,scip_no_symmetry,0,1765617000,0.0,177.676015,2.233058,0
2,278,scip_no_symmetry,1,1761377000,0.0,262.42567,2.331353,0
2,278,scip_no_symmetry,2,1765219000,0.0,220.929313,2.22226,0
2,278,scip_no_symmetry,3,1763283000,0.0,177.666897,2.268698,0
2,278,scip_no_symmetry,4,1760640000,0.0,145.510197,1.528801,0
2,279,scip_no_symmetry,0,1753497350,0.000357355568790972,3600.002916,1.5175809999999998,0
2,279,scip_no_symmetry,1,1746926090,0.000357355568790972,3600.00443,1.596843,0
2,279,scip_no_symmetry,2,1751599640,0.000357355568790972,3600.00229,1.66789,0
2,279,scip_no_symmetry,3,1751716420,0.000357355568790972,3600.00232,1.761331,0
2,279,scip_no_symmetry,4,1749981680,0.000357355568790972,3600.002967,1.433354,0
2,280,scip_no_symmetry,0,520664518,0.001180637544273908,3600.001816,0.945369,0
2,280,scip_no_symmetry,1,519668839,0.001180637544273908,3600.001003,0.846375,0
2,280,scip_no_symmetry,2,520958229,0.001180637544273908,3600.012829,0.872065,0
2,280,scip_no_symmetry,3,518401424,0.001180637544273908,3600.001005,1.753189,0
2,280,scip_no_symmetry,4,519087519,0.001180637544273908,3600.006804,0.859665,0
2,281,scip_no_symmetry,0,493270000,0.0009377930603313537,3600.129033,1.682491,0
2,281,scip_no_symmetry,1,493785000,0.0009377930603313537,3600.018674,1.549128,0
2,281,scip_no_symmetry,2,493439000,0.0009377930603313537,3600.098156,1.825983,0
2,281,scip_no_symmetry,3,492150000,0.0009377930603313537,3600.02512,1.7594379999999998,0
2,281,scip_no_symmetry,4,494463000,0.0009377930603313537,3600.008715,1.6475149999999998,0
2,282,scip_no_symmetry,0,496808500,0.0009342883836810962,3600.059988,1.631405,0
2,282,scip_no_symmetry,1,493113570,0.0009342883836810962,3600.034846,1.663152,0
2,282,scip_no_symmetry,2,494076740,0.0009342883836810962,3600.088195,1.621714,0
2,282,scip_no_symmetry,3,495124250,0.0009342883836810962,3600.001922,1.778152,0
2,282,scip_no_symmetry,4,495548560,0.0009342883836810962,3600.093583,1.81576,0
2,283,scip_no_symmetry,0,495900000,0.0,3.596929,1.283892,0
2,283,scip_no_symmetry,1,495900000,0.0,2.645964,0.918756,0
2,283,scip_no_symmetry,2,495900000,0.0,10.281861,1.30993,0
2,283,scip_no_symmetry,3,495900000,0.0,7.380262,0.89032,0
2,283,scip_no_symmetry,4,495900000,0.0,2.518855,0.835913,0
2,284,scip_no_symmetry,0,458700000,0.0,0.630015,0.217155,0
2,284,scip_no_symmetry,1,458700000,0.0,0.372072,0.134951,0
2,284,scip_no_symmetry,2,458700000,0.0,0.398723,0.142869,0
2,284,scip_no_symmetry,3,458700000,0.0,0.396259,0.142473,0
2,284,scip_no_symmetry,4,458700000,0.0,0.388118,0.140899,0
2,285,scip_no_symmetry,0,451063700,0.0,11.662356,0.245871,0
2,285,scip_no_symmetry,1,452075760,0.0,7.892138,0.668022,0
2,285,scip_no_symmetry,2,451261710,0.0,11.964317,0.187054,0
2,285,scip_no_symmetry,3,450055190,0.0,9.388654,0.66632,0
2,285,scip_no_symmetry,4,451211860,0.0,27.026118,0.475937,0
2,286,scip_no_symmetry,0,444778000,0.0,197.932287,1.107914,0
2,286,scip_no_symmetry,1,444725000,0.0,195.833685,1.181899,0
2,286,scip_no_symmetry,2,446010000,0.0,176.611501,1.100757,0
2,286,scip_no_symmetry,3,446165000,0.0,175.626348,1.099308,0
2,286,scip_no_symmetry,4,447407000,0.0,69.085738,0.301684,0
2,287,scip_no_symmetry,0,447876371,0.0,1.189877,0.134898,0
2,287,scip_no_symmetry,1,447804901,0.0,2.864718,0.20905,0
2,287,scip_no_symmetry,2,447117475,0.0,1.545937,0.191494,0
2,287,scip_no_symmetry,3,446871040,0.0,1.083073,0.166843,0
2,287,scip_no_symmetry,4,447376579,0.0,0.950614,0.196671,0
2,288,scip_no_symmetry,0,682189000,0.0,57.894386,2.934244,0
2,288,scip_no_symmetry,1,680407000,0.0,43.417705,2.889253,0
2,288,scip_no_symmetry,2,682658000,0.0,32.058748,2.117933,0
2,288,scip_no_symmetry,3,681354000,0.0,25.393025,2.352059,0
2,288,scip_no_symmetry,4,682991000,0.0,35.041021,2.999747,0
2,289,scip_no_symmetry,0,682168643,0.0,37.424242,2.098224,0
2,289,scip_no_symmetry,1,683296940,0.0,35.333461,2.161043,0
2,289,scip_no_symmetry,2,682844632,0.0,103.966854,6.441043,0
2,289,scip_no_symmetry,3,681033325,0.0,151.017643,6.459489,0
2,289,scip_no_symmetry,4,681804042,0.0,40.780272,2.255624,0
2,290,scip_no_symmetry,0,605100000,0.0,26.792243,2.239372,0
2,290,scip_no_symmetry,1,605100000,0.0,37.523768,2.194383,0
2,290,scip_no_symmetry,2,605100000,0.0,39.446276,2.250615,0
2,290,scip_no_symmetry,3,605100000,0.0,66.638931,2.549708,0
2,290,scip_no_symmetry,4,605100000,0.0,41.745611,3.044345,0
2,291,scip_no_symmetry,0,597347500,0.0005241090146750524,3600.003965,5.566092,0
2,291,scip_no_symmetry,1,598079420,0.0005241090146750524,3600.189492,5.308546,0
2,291,scip_no_symmetry,2,596932210,0.0005241090146750524,3600.529901,8.617353,0
2,291,scip_no_symmetry,3,595706320,0.0005241090146750524,3600.032287,5.28269,0
2,291,scip_no_symmetry,4,598492580,0.0005241090146750524,3600.00252,5.392452,0
2,292,scip_no_symmetry,0,940800000,0.0,300.790277,5.394525,0
2,292,scip_no_symmetry,1,940800000,0.0,261.720416,7.18785,0
2,292,scip_no_symmetry,2,940800000,0.0,316.579072,4.9128229999999995,0
2,292,scip_no_symmetry,3,940800000,0.0,184.286942,5.09781,0
2,292,scip_no_symmetry,4,940800000,0.0,826.218768,12.662013,0
2,293,scip_no_symmetry,0,933934000,0.0,231.848655,5.064433,0
2,293,scip_no_symmetry,1,934059000,0.0,320.087798,5.175302,0
2,293,scip_no_symmetry,2,934432000,0.0,430.128261,6.710971,0
2,293,scip_no_symmetry,3,934769000,0.0,372.426139,6.472533,0
2,293,scip_no_symmetry,4,933998000,0.0,392.750374,5.298397,0
2,294,scip_no_symmetry,0,933151730,0.0,303.471601,5.212695,0
2,294,scip_no_symmetry,1,931717260,0.0,275.334059,5.112877,0
2,294,scip_no_symmetry,2,934156950,0.0,364.12893,6.771597,0
2,294,scip_no_symmetry,3,933035940,0.0,208.44034,6.883026,0
2,294,scip_no_symmetry,4,932503360,0.0,328.97299,4.913305,0
2,295,scip_no_symmetry,0,931279929,0.0,244.592324,5.013161,0
2,295,scip_no_symmetry,1,931777179,0.0,369.435061,5.139746,0
2,295,scip_no_symmetry,2,930136896,0.0,271.013144,7.41185,0
2,295,scip_no_symmetry,3,930976241,0.0,205.988204,5.13555,0
2,295,scip_no_symmetry,4,931029858,0.0,241.842471,4.877474,0
2,296,scip_no_symmetry,0,489100000,0.0,1.065367,0.402306,0
2,296,scip_no_symmetry,1,489100000,0.0,3.305619,1.302666,0
2,296,scip_no_symmetry,2,489100000,0.0,1.30111,0.510609,0
2,296,scip_no_symmetry,3,489100000,0.0,0.941535,0.347172,0
2,296,scip_no_symmetry,4,489100000,0.0,1.171009,0.448754,0
2,297,scip_no_symmetry,0,477493000,0.0006345177664974619,3600.000926,3.266405,0
2,297,scip_no_symmetry,1,476840000,0.0006345177664974619,3600.000574,3.061933,0
2,297,scip_no_symmetry,2,477782000,0.0006345177664974619,3600.000674,2.795256,0
2,297,scip_no_symmetry,3,476685000,0.0006345177664974619,3600.013595,2.028994,0
2,297,scip_no_symmetry,4,478839000,0.0006345177664974619,3600.000802,4.597322,0
2,298,scip_no_symmetry,0,462420473,0.001336898395721925,3600.001068,0.449107,0
2,298,scip_no_symmetry,1,462035358,0.001336898395721925,3600.001675,0.37878,0
2,298,scip_no_symmetry,2,462668228,0.001336898395721925,3600.00208,0.658246,0
2,298,scip_no_symmetry,3,462958107,0.001336898395721925,3600.000761,0.378773,0
2,298,scip_no_symmetry,4,463269893,0.001336898395721925,3600.011877,1.268592,0
2,299,scip_no_symmetry,0,462115370,0.001159285879897974,3600.008509,1.306571,0
2,299,scip_no_symmetry,1,462746250,0.001159285879897974,3600.002454,0.672711,0
2,299,scip_no_symmetry,2,463848840,0.001159285879897974,3600.00448,0.8706459999999999,0
2,299,scip_no_symmetry,3,462220700,0.001159285879897974,3600.002481,0.880903,0
2,299,scip_no_symmetry,4,463632680,0.001159285879897974,3600.004964,2.02723,0
